RMB_7830_Gekko_athymus_Palawan,RMB_7830_Gekko_athymus-Palawan
RMB_7798_Gekko_athymus_Palawan,RMB_7798_Gekko_athymus-Palawan
RMB_3118_Gekko_athymus_Palawan,RMB_3118_Gekko_athymus-Palawan
RMB_7831_Gekko_athymus_Palawan,RMB_7831_Gekko_athymus-Palawan
RMB_7828_Gekko_athymus_Palawan,RMB_7828_Gekko_athymus-Palawan
RMB_13591_Gekko_carusadensis_Luzon,RMB_13591_Gekko_carusadensis-Luzon
RMB_13589_Gekko_carusadensis_Luzon,RMB_13589_Gekko_carusadensis-Luzon
RMB_5970_Gekko_crombota_BabuyanClaro,RMB_5970_Gekko_crombota-BabuyanClaro
RMB_5953_Gekko_crombota_BabuyanClaro,RMB_5953_Gekko_crombota-BabuyanClaro
RMB_5954_Gekko_crombota_BabuyanClaro,RMB_5954_Gekko_crombota-BabuyanClaro
RMB_5969_Gekko_crombota_BabuyanClaro,RMB_5969_Gekko_crombota-BabuyanClaro
CDS_212_Gekko_ernstkelleri_Panay,CDS_212_Gekko_ernstkelleri-Panay
CDS_159_Gekko_ernstkelleri_Panay,CDS_159_Gekko_ernstkelleri-Panay
CDS_49_Gekko_gigante_NorthGigante,CDS_49_Gekko_gigante-NorthGigante
CDS_53_Gekko_gigante_NorthGigante,CDS_53_Gekko_gigante-NorthGigante
CDS_51_Gekko_gigante_NorthGigante,CDS_51_Gekko_gigante-NorthGigante
CDS_55_Gekko_gigante_SouthGigante,CDS_55_Gekko_gigante-SouthGigante
CDS_46_Gekko_gigante_SouthGigante,CDS_46_Gekko_gigante-SouthGigante
CDS_607_Gekko_mindorensis_Caluya,CDS_607_Gekko_mindorensis-Caluya
CDS_590_Gekko_mindorensis_Caluya,CDS_590_Gekko_mindorensis-Caluya
CDS_591_Gekko_mindorensis_Caluya,CDS_591_Gekko_mindorensis-Caluya
CDS_610_Gekko_mindorensis_Caluya,CDS_610_Gekko_mindorensis-Caluya
CDS_609_Gekko_mindorensis_Caluya,CDS_609_Gekko_mindorensis-Caluya
CDS_101_Gekko_mindorensis_CamiguinSur,CDS_101_Gekko_mindorensis-CamiguinSur
CDS_99_Gekko_mindorensis_CamiguinSur,CDS_99_Gekko_mindorensis-CamiguinSur
CDS_102_Gekko_mindorensis_CamiguinSur,CDS_102_Gekko_mindorensis-CamiguinSur
CDS_100_Gekko_mindorensis_CamiguinSur,CDS_100_Gekko_mindorensis-CamiguinSur
CDS_3936_Gekko_mindorensis_Lubang,CDS_3936_Gekko_mindorensis-Lubang
CDS_3866_Gekko_mindorensis_Lubang,CDS_3866_Gekko_mindorensis-Lubang
CDS_3867_Gekko_mindorensis_Lubang,CDS_3867_Gekko_mindorensis-Lubang
CDS_3935_Gekko_mindorensis_Lubang,CDS_3935_Gekko_mindorensis-Lubang
RMB_13657_Gekko_mindorensis_Luzon,RMB_13657_Gekko_mindorensis-Luzon-Quezon
RMB_13661_Gekko_mindorensis_Luzon,RMB_13661_Gekko_mindorensis-Luzon-Quezon
RMB_13660_Gekko_mindorensis_Luzon,RMB_13660_Gekko_mindorensis-Luzon-Quezon
RMB_13659_Gekko_mindorensis_Luzon,RMB_13659_Gekko_mindorensis-Luzon-Quezon
CDS_6047_Gekko_mindorensis_Luzon,CDS_6047_Gekko_mindorensis-Luzon-Laguna
CDS_6051_Gekko_mindorensis_Luzon,CDS_6051_Gekko_mindorensis-Luzon-Laguna
CDS_6052_Gekko_mindorensis_Luzon,CDS_6052_Gekko_mindorensis-Luzon-Laguna
CDS_6054_Gekko_mindorensis_Luzon,CDS_6054_Gekko_mindorensis-Luzon-Laguna
CDS_1461_Gekko_mindorensis_MaestreDeCampo,CDS_1461_Gekko_mindorensis-MaestreDeCampo
CDS_1463_Gekko_mindorensis_MaestreDeCampo,CDS_1463_Gekko_mindorensis-MaestreDeCampo
CDS_1462_Gekko_mindorensis_MaestreDeCampo,CDS_1462_Gekko_mindorensis-MaestreDeCampo
CDS_757_Gekko_mindorensis_Masbate,CDS_757_Gekko_mindorensis-Masbate
CDS_755_Gekko_mindorensis_Masbate,CDS_755_Gekko_mindorensis-Masbate
CDS_758_Gekko_mindorensis_Masbate,CDS_758_Gekko_mindorensis-Masbate
ELR_1008_Gekko_mindorensis_Mindoro,ELR_1008_Gekko_mindorensis-Mindoro-Occidental
ELR_1010_Gekko_mindorensis_Mindoro,ELR_1010_Gekko_mindorensis-Mindoro-Occidental
RMB_5006_Gekko_mindorensis_Mindoro,RMB_5006_Gekko_mindorensis-Mindoro-Oriental
RMB_5005_Gekko_mindorensis_Mindoro,RMB_5005_Gekko_mindorensis-Mindoro-Oriental
CDS_1230_Gekko_mindorensis_Mindoro,CDS_1230_Gekko_mindorensis-Mindoro-Oriental
CDS_63_Gekko_mindorensis_Panay,CDS_63_Gekko_mindorensis-Panay-Capiz
CDS_64_Gekko_mindorensis_Panay,CDS_64_Gekko_mindorensis-Panay-Capiz
CDS_65_Gekko_mindorensis_Panay,CDS_65_Gekko_mindorensis-Panay-Capiz
CDS_66_Gekko_mindorensis_Panay,CDS_66_Gekko_mindorensis-Panay-Capiz
RMB_6431_Gekko_mindorensis_Panay,RMB_6431_Gekko_mindorensis-Panay-Antique
RMB_6448_Gekko_mindorensis_Panay,RMB_6448_Gekko_mindorensis-Panay-Antique
RMB_6449_Gekko_mindorensis_Panay,RMB_6449_Gekko_mindorensis-Panay-Antique
CDS_277_Gekko_mindorensis_Negros,CDS_277_Gekko_mindorensis-Negros
CDSGS_39_Gekko_mindorensis_Negros,CDSGS_39_Gekko_mindorensis-Negros
CDSGS_40_Gekko_mindorensis_Negros,CDSGS_40_Gekko_mindorensis-Negros
RMB_7922_Gekko_monarchus_Palawan,RMB_7922_Gekko_monarchus-Palawan
RMB_7938_Gekko_monarchus_Palawan,RMB_7938_Gekko_monarchus-Palawan
RMB_9585_Gekko_porosus_Batan,RMB_9585_Gekko_porosus-Batan
RMB_9584_Gekko_porosus_Batan,RMB_9584_Gekko_porosus-Batan
RMB_9575_Gekko_porosus_Batan,RMB_9575_Gekko_porosus-Batan
RMB_9554_Gekko_porosus_Sabtang,RMB_9554_Gekko_porosus-Sabtang
RMB_9555_Gekko_porosus_Sabtang,RMB_9555_Gekko_porosus-Sabtang
RMB_9560_Gekko_porosus_Sabtang,RMB_9560_Gekko_porosus-Sabtang
RMB_9552_Gekko_porosus_Sabtang,RMB_9552_Gekko_porosus-Sabtang
CDS_792_Gekko_romblon_Romblon,CDS_792_Gekko_romblon-Romblon
CDS_789_Gekko_romblon_Romblon,CDS_789_Gekko_romblon-Romblon
CDS_791_Gekko_romblon_Romblon,CDS_791_Gekko_romblon-Romblon
CDS_790_Gekko_romblon_Romblon,CDS_790_Gekko_romblon-Romblon
CDS_788_Gekko_romblon_Romblon,CDS_788_Gekko_romblon-Romblon
RMB_8789_Gekko_romblon_Tablas,RMB_8789_Gekko_romblon-Tablas
RMB_6060_Gekko_rossi_Calayan,RMB_6060_Gekko_rossi-Calayan
RMB_6058_Gekko_rossi_Calayan,RMB_6058_Gekko_rossi-Calayan
RMB_6052_Gekko_rossi_Calayan,RMB_6052_Gekko_rossi-Calayan
RMB_6059_Gekko_rossi_Calayan,RMB_6059_Gekko_rossi-Calayan
RMB_6056_Gekko_rossi_Calayan,RMB_6056_Gekko_rossi-Calayan
RMB_6373_Gekko_spa_Dalupiri,RMB_6373_Gekko_spa-Dalupiri
RMB_6370_Gekko_spa_Dalupiri,RMB_6370_Gekko_spa-Dalupiri
RMB_6374_Gekko_spa_Dalupiri,RMB_6374_Gekko_spa-Dalupiri
RMB_5737_Gekko_spb_CamiguinNorte,RMB_5737_Gekko_spb-CamiguinNorte
RMB_5730_Gekko_spb_CamiguinNorte,RMB_5730_Gekko_spb-CamiguinNorte
RMB_5728_Gekko_spb_CamiguinNorte,RMB_5728_Gekko_spb-CamiguinNorte
RMB_5793_Gekko_spb_CamiguinNorte,RMB_5793_Gekko_spb-CamiguinNorte
